{
  "accuracy": 0.7785714285714286,
  "precision": 0.7726648351648352,
  "recall": 0.7785714285714286,
  "f1": 0.7749152292495946,
  "specificity": 0.5625,
  "confusion_matrix": [
    [
      45,
      35
    ],
    [
      27,
      173
    ]
  ]
}