{
  "accuracy": 0.9892857142857143,
  "precision": 0.9896729776247848,
  "recall": 0.9892857142857143,
  "f1": 0.9893438298191739,
  "specificity": 1.0,
  "confusion_matrix": [
    [
      80,
      0
    ],
    [
      3,
      197
    ]
  ]
}