{
  "accuracy": 0.9535714285714286,
  "precision": 0.9550958845076492,
  "recall": 0.9535714285714286,
  "f1": 0.9539810400569895,
  "specificity": 0.95,
  "confusion_matrix": [
    [
      76,
      4
    ],
    [
      9,
      191
    ]
  ]
}