{
  "accuracy": 0.85,
  "precision": 0.8708333333333333,
  "recall": 0.85,
  "f1": 0.8318181818181818,
  "specificity": 0.4875,
  "confusion_matrix": [
    [
      39,
      41
    ],
    [
      1,
      199
    ]
  ]
}